City_ID,City,Lat,Lng,Max Temp,Humidity,Cloudiness,Wind Speed,Country,Date
0,Dikson,73.5069,80.5464,37.58,65,100,12.86,RU,2022-09-16 05:16:31
1,Hermanus,-34.4187,19.2345,53.8,91,99,3.6,ZA,2022-09-16 05:16:31
2,Waingapu,-9.6567,120.2641,87.22,53,29,13.18,ID,2022-09-16 05:16:32
3,Mayo,38.8876,-76.5119,64.35,86,0,3.44,US,2022-09-16 05:16:32
4,Gibsons,49.3997,-123.5027,62.08,91,48,2.42,CA,2022-09-16 05:11:54
5,Teberda,43.4456,41.7448,61.56,55,53,8.28,RU,2022-09-16 05:16:33
6,Cape Town,-33.9258,18.4232,56.12,95,75,0.0,ZA,2022-09-16 05:12:02
7,Huarmey,-10.0681,-78.1522,61.93,85,54,7.29,PE,2022-09-16 05:16:34
8,Orlik,52.5178,99.825,43.77,64,100,6.26,RU,2022-09-16 05:16:35
9,Airai,-8.9266,125.4092,78.75,35,100,3.91,TL,2022-09-16 05:16:35
10,Bredasdorp,-34.5322,20.0403,52.18,92,79,3.44,ZA,2022-09-16 05:16:35
11,Adrar,20.5022,-10.0711,84.67,22,3,11.36,MR,2022-09-16 05:16:36
12,Jamestown,42.097,-79.2353,54.72,78,0,4.61,US,2022-09-16 05:16:36
13,Busselton,-33.65,115.3333,63.57,56,41,11.18,AU,2022-09-16 05:16:37
14,Cidreira,-30.1811,-50.2056,60.21,84,1,10.36,BR,2022-09-16 05:16:37
15,Talnakh,69.4865,88.3972,34.21,87,100,14.23,RU,2022-09-16 05:16:38
16,Hilo,19.7297,-155.09,79.29,86,100,1.01,US,2022-09-16 05:16:38
17,Egvekinot,66.3167,-179.1667,35.35,82,99,9.15,RU,2022-09-16 05:16:39
18,Ahtopol,42.1,27.95,74.1,54,56,6.02,BG,2022-09-16 05:16:39
19,Tuatapere,-46.1333,167.6833,47.64,63,87,4.03,NZ,2022-09-16 05:16:40
20,Kenai,60.5544,-151.2583,49.08,94,100,5.75,US,2022-09-16 05:16:40
21,Albany,42.6001,-73.9662,51.35,81,4,4.34,US,2022-09-16 05:14:02
22,Cherskiy,68.75,161.3,39.34,71,79,8.86,RU,2022-09-16 05:16:41
23,Coihaique,-45.5752,-72.0662,36.21,98,84,5.39,CL,2022-09-16 05:15:03
24,Port Alfred,-33.5906,26.891,63.5,79,50,1.28,ZA,2022-09-16 05:16:41
25,Hobart,-42.8794,147.3294,53.46,94,75,6.91,AU,2022-09-16 05:13:53
26,San Juan,-31.5375,-68.5364,62.19,19,63,8.72,AR,2022-09-16 05:15:51
27,Juye,35.3947,116.0883,82.87,53,5,8.66,CN,2022-09-16 05:16:42
28,Awjilah,29.1081,21.2869,73.74,49,0,4.38,LY,2022-09-16 05:16:42
29,Puqi,29.7167,113.8833,92.68,30,1,6.29,CN,2022-09-16 05:16:43
30,Tuktoyaktuk,69.4541,-133.0374,37.4,100,100,4.61,CA,2022-09-16 05:16:43
31,Lebu,-37.6167,-73.65,54.16,92,100,16.73,CL,2022-09-16 05:16:44
32,Khatanga,71.9667,102.5,32.22,97,100,17.94,RU,2022-09-16 05:16:44
33,Vaini,-21.2,-175.2,77.16,88,75,14.97,TO,2022-09-16 05:16:45
34,Araouane,18.9048,-3.5265,90.72,34,7,10.74,ML,2022-09-16 05:16:45
35,Mataura,-46.1927,168.8643,46.47,56,70,3.91,NZ,2022-09-16 05:16:45
36,Ushuaia,-54.8,-68.3,33.46,75,40,20.71,AR,2022-09-16 05:16:46
37,Ulaangom,49.9811,92.0667,52.29,40,33,7.87,MN,2022-09-16 05:16:46
38,East London,-33.0153,27.9116,58.14,82,0,1.14,ZA,2022-09-16 05:16:47
39,Tasiilaq,65.6145,-37.6368,39.36,85,57,4.47,GL,2022-09-16 05:16:47
40,Chapais,49.7834,-74.8492,42.58,86,93,7.02,CA,2022-09-16 05:16:48
41,Kiruna,67.8557,20.2251,43.72,100,75,9.22,SE,2022-09-16 05:16:48
42,Plettenberg Bay,-34.0527,23.3716,59.34,67,5,3.27,ZA,2022-09-16 05:16:48
43,San Quintin,30.4833,-115.95,67.66,83,7,15.14,MX,2022-09-16 05:16:49
44,Two Hills,53.7169,-111.7518,57.33,76,8,18.41,CA,2022-09-16 05:15:38
45,Torbay,47.6666,-52.7314,55.38,91,0,9.22,CA,2022-09-16 05:16:49
46,Carnarvon,-24.8667,113.6333,71.26,47,0,18.84,AU,2022-09-16 05:16:50
47,Boyolangu,-8.1181,111.8935,82.99,69,98,11.9,ID,2022-09-16 05:17:50
48,Bluff,-46.6,168.3333,46.8,58,38,10.45,NZ,2022-09-16 05:17:51
49,Hithadhoo,-0.6,73.0833,80.98,66,0,0.63,MV,2022-09-16 05:17:51
50,Rikitea,-23.1203,-134.9692,72.25,77,5,12.73,PF,2022-09-16 05:17:52
51,Davila,18.4726,120.5763,85.98,70,12,13.96,PH,2022-09-16 05:17:52
52,Malanje,-9.5402,16.341,65.91,85,41,3.71,AO,2022-09-16 05:17:53
53,Arraial Do Cabo,-22.9661,-42.0278,65.88,87,100,13.76,BR,2022-09-16 05:17:53
54,Tura,25.5198,90.2201,75.63,94,100,6.06,IN,2022-09-16 05:17:54
55,Grandola,38.1772,-8.5668,64.35,96,4,1.16,PT,2022-09-16 05:17:54
56,Opuwo,-18.0607,13.84,66.38,23,42,6.33,NA,2022-09-16 05:17:54
57,Portland,45.5234,-122.6762,66.61,68,75,9.22,US,2022-09-16 05:17:03
58,Mar Del Plata,-38.0023,-57.5575,54.09,93,21,21.99,AR,2022-09-16 05:17:31
59,Bonavista,48.6499,-53.1147,57.07,81,13,15.93,CA,2022-09-16 05:17:55
60,Tignere,7.3667,12.65,63.86,98,100,4.0,CM,2022-09-16 05:17:56
61,Avarua,-21.2078,-159.775,75.25,69,40,11.5,CK,2022-09-16 05:17:56
62,Lasa,46.6166,10.7002,61.68,93,60,4.65,IT,2022-09-16 05:17:56
63,Glasgow,55.8652,-4.2576,45.81,95,21,5.75,GB,2022-09-16 05:17:14
64,New Norfolk,-42.7826,147.0587,52.92,88,100,1.01,AU,2022-09-16 05:17:57
65,Castro,-24.7911,-50.0119,50.61,96,100,4.43,BR,2022-09-16 05:15:49
66,Thompson,55.7435,-97.8558,42.96,93,20,2.3,CA,2022-09-16 05:15:37
67,Palmer,42.1584,-72.3287,52.97,86,0,0.0,US,2022-09-16 05:17:58
68,Hami,42.8,93.45,72.54,17,0,10.25,CN,2022-09-16 05:17:58
69,Tigil,57.8,158.6667,49.46,61,61,16.96,RU,2022-09-16 05:17:58
70,Mahebourg,-20.4081,57.7,75.49,64,75,13.8,MU,2022-09-16 05:17:59
71,Morden,49.1919,-98.1014,55.26,88,100,9.22,CA,2022-09-16 05:16:10
72,Hovd,48.0056,91.6419,51.71,40,58,9.55,MN,2022-09-16 05:17:59
73,Yellowknife,62.456,-114.3525,57.72,62,40,10.36,CA,2022-09-16 05:18:00
74,Escanaba,45.7453,-87.0646,66.25,99,100,6.91,US,2022-09-16 05:18:00
75,Tiksi,71.6872,128.8694,39.65,61,98,16.46,RU,2022-09-16 05:18:01
76,Kapaa,22.0752,-159.319,79.12,80,100,9.22,US,2022-09-16 05:18:01
77,Butaritari,3.0707,172.7902,82.29,68,28,16.08,KI,2022-09-16 05:18:01
78,Lookan,5.037,120.1027,83.16,71,100,5.12,PH,2022-09-16 05:18:02
79,Muscat,23.6139,58.5922,91.42,42,5,3.49,OM,2022-09-16 05:18:02
80,Mount Gambier,-37.8333,140.7667,58.91,63,75,24.16,AU,2022-09-16 05:18:03
81,Husavik,66.0449,-17.3389,45.03,65,100,7.65,IS,2022-09-16 05:18:03
82,Lagoa,39.05,-27.9833,72.66,89,24,17.2,PT,2022-09-16 05:18:04
83,Sorland,67.667,12.6934,53.46,74,98,14.0,NO,2022-09-16 05:18:04
84,Leningradskiy,69.3833,178.4167,35.2,91,99,6.49,RU,2022-09-16 05:18:05
85,Ponta Do Sol,32.6667,-17.1,77.63,88,21,2.71,PT,2022-09-16 05:18:05
86,Kaitangata,-46.2817,169.8464,49.23,57,81,2.62,NZ,2022-09-16 05:18:06
87,Ashland,40.8167,-82.2665,60.22,93,32,4.23,US,2022-09-16 05:18:06
88,Longyearbyen,78.2186,15.6401,30.04,86,40,9.22,SJ,2022-09-16 05:18:07
89,Atuona,-9.8,-139.0333,77.0,70,1,20.13,PF,2022-09-16 05:18:07
90,Lima,-12.0432,-77.0282,59.25,86,100,8.05,PE,2022-09-16 05:15:04
91,Saint-Philippe,-21.3585,55.7679,71.19,84,60,16.37,RE,2022-09-16 05:18:08
92,Upernavik,72.7868,-56.1549,38.77,96,100,12.62,GL,2022-09-16 05:19:08
93,Provideniya,64.3833,-173.3,48.36,87,100,13.42,RU,2022-09-16 05:19:09
94,Bodaybo,57.8506,114.1933,53.2,50,8,1.99,RU,2022-09-16 05:19:09
95,Ribeira Grande,38.5167,-28.7,73.42,90,39,14.72,PT,2022-09-16 05:19:09
96,Baijiantan,45.6333,85.1833,62.56,32,19,8.9,CN,2022-09-16 05:19:10
97,Lompoc,34.6391,-120.4579,61.79,90,100,9.22,US,2022-09-16 05:19:11
98,Varnavino,57.4035,45.0916,49.51,94,65,3.49,RU,2022-09-16 05:19:11
99,Bambous Virieux,-20.3428,57.7575,75.45,64,75,13.8,MU,2022-09-16 05:19:11
100,Ilulissat,69.2167,-51.1,35.62,100,75,3.44,GL,2022-09-16 05:19:12
101,Sangar,63.9242,127.4739,45.79,56,77,4.59,RU,2022-09-16 05:19:12
102,Sinnamary,5.3833,-52.95,79.25,88,39,10.33,GF,2022-09-16 05:19:13
103,Geraldton,-28.7667,114.6,68.41,60,100,10.36,AU,2022-09-16 05:19:13
104,Marsa Matruh,31.3525,27.2453,74.35,58,0,3.02,EG,2022-09-16 05:19:14
105,Quesnel,52.9999,-122.5029,54.1,100,100,0.0,CA,2022-09-16 05:19:14
106,Honningsvag,70.9821,25.9704,46.15,87,100,24.16,NO,2022-09-16 05:19:15
107,Sandakan,5.8402,118.1179,87.48,70,40,9.22,MY,2022-09-16 05:19:15
108,Victoria,22.2855,114.1577,95.05,66,2,4.0,HK,2022-09-16 05:18:42
109,Souillac,-20.5167,57.5167,75.58,64,75,13.8,MU,2022-09-16 05:19:16
110,Port Elizabeth,-33.918,25.5701,59.31,99,100,6.91,ZA,2022-09-16 05:19:16
111,Kodiak,57.79,-152.4072,51.31,87,20,0.0,US,2022-09-16 05:19:16
112,Pampa,35.5362,-100.9599,72.55,64,0,18.41,US,2022-09-16 05:19:17
113,Lorengau,-2.0226,147.2712,83.86,65,76,10.09,PG,2022-09-16 05:19:17
114,Nikolskoye,59.7035,30.7861,54.88,78,98,9.17,RU,2022-09-16 05:19:18
115,Hamilton,39.1834,-84.5333,67.05,92,0,4.61,US,2022-09-16 05:15:36
116,Barrow,71.2906,-156.7887,35.62,87,100,18.41,US,2022-09-16 05:17:11
117,Severo-Kurilsk,50.6789,156.125,52.07,82,30,20.54,RU,2022-09-16 05:19:18
118,Lishui,28.4604,119.9103,89.64,48,19,2.59,CN,2022-09-16 05:19:19
119,Newport,51.5877,-2.9984,54.82,82,4,8.81,GB,2022-09-16 05:14:52
120,Maxhutte-Haidhof,49.2025,12.0981,54.68,90,100,0.0,DE,2022-09-16 05:19:19
121,Dukat,62.55,155.55,39.07,52,98,11.99,RU,2022-09-16 05:19:20
122,Rapid Valley,44.0625,-103.1463,61.14,80,100,6.91,US,2022-09-16 05:19:20
123,Tezu,27.9167,96.1667,78.37,98,93,2.1,IN,2022-09-16 05:19:21
124,Oum Hadjer,13.2954,19.6966,77.43,79,96,9.37,TD,2022-09-16 05:19:21
125,Sao Felix Do Xingu,-6.6447,-51.995,75.58,43,44,1.3,BR,2022-09-16 05:18:13
126,Birobidzhan,48.8,132.95,66.36,64,7,4.16,RU,2022-09-16 05:19:22
127,Oron,4.8256,8.2343,74.03,93,100,2.26,NG,2022-09-16 05:19:22
128,Corn Island,12.1694,-83.0418,83.12,76,96,13.76,NI,2022-09-16 05:19:23
129,Buraydah,26.326,43.975,84.65,17,0,6.55,SA,2022-09-16 05:19:04
130,Ewa Beach,21.3156,-158.0072,82.35,70,100,11.5,US,2022-09-16 05:19:23
131,Paamiut,61.994,-49.6678,43.61,97,100,8.19,GL,2022-09-16 05:19:24
132,Taltal,-25.4,-70.4833,54.07,84,24,1.77,CL,2022-09-16 05:19:24
133,Sur,22.5667,59.5289,92.79,47,86,7.2,OM,2022-09-16 05:19:24
134,Bethel,41.3712,-73.414,56.48,82,0,4.61,US,2022-09-16 05:18:15
135,Beavercreek,39.7092,-84.0633,65.55,87,75,4.61,US,2022-09-16 05:14:44
136,Suicheng,33.8963,117.9331,80.2,63,52,5.91,CN,2022-09-16 05:19:25
137,Verkhneyarkeyevo,55.4505,54.3145,57.36,48,100,3.69,RU,2022-09-16 05:19:26
138,Northam,51.0333,-4.2167,57.61,74,81,11.07,GB,2022-09-16 05:20:26
139,Chama,47.1821,8.4636,59.22,92,100,0.0,CH,2022-09-16 05:20:27
140,Tambun,-6.2641,107.0712,89.64,58,40,5.75,ID,2022-09-16 05:20:27
141,Aklavik,68.2191,-135.0107,37.71,97,100,4.85,CA,2022-09-16 05:20:27
142,Fortuna,40.5982,-124.1573,57.92,88,3,1.97,US,2022-09-16 05:16:57
143,Bagdarin,54.4333,113.6,48.56,61,81,5.59,RU,2022-09-16 05:20:28
144,Excelsior Springs,39.3392,-94.2261,73.49,77,0,0.0,US,2022-09-16 05:16:39
145,Promyshlennyy,67.5833,63.9167,45.64,95,100,7.81,RU,2022-09-16 05:20:28
146,Andros Town,24.7,-77.7667,84.2,69,100,9.64,BS,2022-09-16 05:20:29
147,Malacacheta,-17.8422,-42.0767,64.94,86,55,2.95,BR,2022-09-16 05:20:29
148,Pangnirtung,66.1451,-65.7125,37.4,93,0,4.61,CA,2022-09-16 05:20:30
149,Comodoro Rivadavia,-45.8667,-67.5,49.86,37,0,29.93,AR,2022-09-16 05:20:30
150,Chinhoyi,-17.3667,30.2,62.08,58,0,6.42,ZW,2022-09-16 05:20:31
151,Puerto Ayora,-0.7393,-90.3518,64.54,92,67,5.01,EC,2022-09-16 05:20:31
152,Vanderhoof,54.0166,-124.0198,53.62,46,100,6.04,CA,2022-09-16 05:20:12
153,Champerico,14.3,-91.9167,77.95,86,100,8.75,GT,2022-09-16 05:20:31
154,Rorvik,64.8621,11.2373,53.71,94,75,5.75,NO,2022-09-16 05:20:32
155,Qiongshan,20.0058,110.3542,91.38,55,20,4.47,CN,2022-09-16 05:20:32
156,Los Llanos De Aridane,28.6585,-17.9182,71.35,89,40,19.57,ES,2022-09-16 05:20:33
157,Mapiripan,2.8892,-72.1256,73.98,92,99,1.99,CO,2022-09-16 05:20:33
158,Orapa,-21.2833,25.3667,59.22,44,0,8.03,BW,2022-09-16 05:20:34
159,Qaanaaq,77.484,-69.3632,31.87,94,100,6.49,GL,2022-09-16 05:20:34
160,Sitka,57.0531,-135.33,53.49,82,75,6.91,US,2022-09-16 05:20:35
161,Bosaso,11.2842,49.1816,93.65,39,0,14.9,SO,2022-09-16 05:20:35
162,Labuhan,-6.8844,112.2051,88.29,54,100,7.14,ID,2022-09-16 05:20:35
163,Juarez,31.7333,-106.4833,83.28,34,0,3.0,MX,2022-09-16 05:20:36
164,Chatra,24.2167,84.8667,84.06,67,63,4.88,IN,2022-09-16 05:20:36
165,Hasaki,35.7333,140.8333,81.0,65,98,8.5,JP,2022-09-16 05:20:37
166,Hambantota,6.1241,81.1185,86.56,65,22,16.62,LK,2022-09-16 05:20:37
167,Sao Filipe,14.8961,-24.4956,78.03,85,56,11.59,CV,2022-09-16 05:20:37
168,Puerto Ayacucho,5.6639,-67.6236,73.98,94,100,3.47,VE,2022-09-16 05:20:38
169,Tecoanapa,16.5167,-98.75,76.89,91,100,2.98,MX,2022-09-16 05:20:38
170,Vaitape,-16.5167,-151.75,77.81,74,58,24.27,PF,2022-09-16 05:20:39
171,Kutum,14.2,24.6667,74.57,68,71,5.66,SD,2022-09-16 05:20:39
172,San Vicente,-26.6167,-54.1333,49.37,99,5,2.57,AR,2022-09-16 05:20:40
173,Santa Maria,-29.6842,-53.8069,50.72,98,7,6.33,BR,2022-09-16 05:20:40
174,Maniitsoq,65.4167,-52.9,43.57,94,100,7.58,GL,2022-09-16 05:20:40
175,Okhotsk,59.3833,143.3,54.45,47,3,11.03,RU,2022-09-16 05:20:41
176,Ouadda,8.0777,22.4007,68.36,97,99,0.65,CF,2022-09-16 05:20:41
177,Safaga,26.7292,33.9365,80.6,41,0,12.12,EG,2022-09-16 05:20:42
178,Kartuzy,54.3342,18.1974,47.39,89,75,13.8,PL,2022-09-16 05:20:42
179,Livno,43.8269,17.0078,62.01,99,100,5.53,BA,2022-09-16 05:20:42
180,Tautira,-17.7333,-149.15,75.45,71,86,21.61,PF,2022-09-16 05:20:43
181,Sandpoint,48.2766,-116.5533,56.01,86,0,0.0,US,2022-09-16 05:20:43
182,Ler,8.3018,30.1418,71.49,97,100,2.13,SS,2022-09-16 05:20:44
183,Saint Anthony,45.0205,-93.218,75.9,65,40,8.05,US,2022-09-16 05:20:44
184,Shaunavon,49.6501,-108.4181,51.58,60,93,7.52,CA,2022-09-16 05:20:01
185,Almeirim,-1.5233,-52.5817,76.62,80,63,6.04,BR,2022-09-16 05:20:45
186,Evensk,61.95,159.2333,50.45,43,91,5.73,RU,2022-09-16 05:21:45
187,Altay,47.8667,88.1167,49.96,52,99,3.8,CN,2022-09-16 05:21:46
188,Porto Novo,6.4965,2.6036,74.64,90,86,5.84,BJ,2022-09-16 05:21:46
189,Gornyy,55.1153,83.9059,54.86,40,7,10.29,RU,2022-09-16 05:21:46
190,Dunedin,-45.8742,170.5036,45.81,73,86,1.99,NZ,2022-09-16 05:21:47
191,Kananga,-5.8958,22.4178,70.65,83,94,0.69,CD,2022-09-16 05:21:47
192,Nanortalik,60.1432,-45.2371,48.22,83,100,14.45,GL,2022-09-16 05:21:48
193,Punta Arenas,-53.15,-70.9167,32.11,74,0,8.05,CL,2022-09-16 05:21:48
194,Thunder Bay,48.4001,-89.3168,57.18,94,100,11.5,CA,2022-09-16 05:21:48
195,Goderich,43.7501,-81.7165,59.32,77,69,9.22,CA,2022-09-16 05:21:49
196,Touros,-5.1989,-35.4608,75.49,80,14,11.16,BR,2022-09-16 05:18:12
197,Pevek,69.7008,170.3133,36.82,84,82,5.21,RU,2022-09-16 05:21:49
198,Tateyama,34.9833,139.8667,79.88,60,60,11.1,JP,2022-09-16 05:21:50
199,Port Hawkesbury,45.6169,-61.3485,56.59,71,100,16.11,CA,2022-09-16 05:21:50
200,Emba,48.8264,58.1442,63.99,43,4,9.66,KZ,2022-09-16 05:21:51
201,Shitanjing,39.2342,106.3439,68.36,53,100,10.96,CN,2022-09-16 05:21:51
202,Ouahigouya,13.5828,-2.4216,73.35,80,100,8.59,BF,2022-09-16 05:21:51
203,Massaguet,12.4755,15.4365,74.55,76,95,5.44,TD,2022-09-16 05:21:52
204,Otavi,-19.65,17.3333,64.04,27,1,4.27,NA,2022-09-16 05:21:52
205,Henties Bay,-22.116,14.2845,57.96,91,99,3.42,NA,2022-09-16 05:21:53
206,Kumluca,36.3703,30.2869,81.36,39,0,2.1,TR,2022-09-16 05:21:53
207,Vao,-22.6667,167.4833,69.66,63,29,12.08,NC,2022-09-16 05:21:54
208,Haines Junction,60.7522,-137.5108,40.95,75,36,2.3,CA,2022-09-16 05:21:55
209,Buchanan,5.8808,-10.0467,75.45,91,100,5.68,LR,2022-09-16 05:21:55
210,Bengkulu,-3.8004,102.2655,82.9,70,83,7.87,ID,2022-09-16 05:21:56
211,Bama,11.5221,13.6856,72.09,87,100,7.38,NG,2022-09-16 05:21:56
212,Hohhot,40.8106,111.6522,77.29,44,0,8.95,CN,2022-09-16 05:21:57
213,Maumere,-8.6199,122.2111,85.42,62,50,5.64,ID,2022-09-16 05:21:57
214,Beipiao,41.7919,120.7792,68.16,64,100,17.56,CN,2022-09-16 05:21:58
215,Marsh Harbour,26.5412,-77.0636,82.63,73,100,10.74,BS,2022-09-16 05:21:58
216,Saskylakh,71.9167,114.0833,37.51,69,98,14.47,RU,2022-09-16 05:21:58
217,Karasjok,69.4719,25.5112,45.1,97,100,20.89,NO,2022-09-16 05:21:59
218,Farah,32.5,62.5,81.05,8,0,7.94,AF,2022-09-16 05:21:59
219,Weinan,34.5036,109.5089,86.49,32,22,6.46,CN,2022-09-16 05:22:00
220,Puerto Escondido,15.85,-97.0667,77.52,86,100,4.92,MX,2022-09-16 05:22:00
221,Riachao Do Jacuipe,-11.8069,-39.3856,64.92,97,4,3.33,BR,2022-09-16 05:22:01
222,Agboville,5.928,-4.2132,71.8,99,100,2.08,CI,2022-09-16 05:22:01
223,Aksehir,38.3575,31.4164,71.08,26,0,1.92,TR,2022-09-16 05:22:02
224,Kavieng,-2.5744,150.7967,83.5,67,77,14.67,PG,2022-09-16 05:22:02
225,Vostok,46.4856,135.8833,64.35,56,100,4.16,RU,2022-09-16 05:22:03
226,Poum,-20.2333,164.0167,75.27,70,94,14.12,NC,2022-09-16 05:22:03
227,Pahalgam,34.0333,75.3333,65.61,50,0,6.87,IN,2022-09-16 05:22:03
228,Ancud,-41.8697,-73.8203,40.23,91,100,1.07,CL,2022-09-16 05:23:04
229,Kulhudhuffushi,6.6221,73.07,80.65,72,15,4.97,MV,2022-09-16 05:23:04
230,Saint-Pierre,-21.3393,55.4781,71.28,78,75,24.16,RE,2022-09-16 05:23:05
231,Porto Santo,33.072,-16.3415,71.98,88,40,11.5,PT,2022-09-16 05:23:05
232,Ozu,33.5,132.55,87.42,59,93,3.71,JP,2022-09-16 05:23:06
233,Krasnyy Chikoy,50.3643,108.7512,43.97,95,100,4.88,RU,2022-09-16 05:23:06
234,Puerto Lopez,4.0845,-72.956,74.7,89,98,3.69,CO,2022-09-16 05:23:06
235,Dharchula,29.85,80.5333,71.87,90,100,3.18,IN,2022-09-16 05:23:07
236,Ambilobe,-13.2,49.05,78.73,38,3,6.64,MG,2022-09-16 05:23:07
237,Banda Aceh,5.5577,95.3222,85.3,67,98,9.51,ID,2022-09-16 05:23:07
238,Camacha,33.0833,-16.3333,69.22,88,40,11.5,PT,2022-09-16 05:23:08
239,Maragogi,-9.0122,-35.2225,71.74,75,40,3.87,BR,2022-09-16 05:18:35
240,Half Moon Bay,37.4636,-122.4286,62.51,85,100,20.71,US,2022-09-16 05:23:09
241,Astoria,46.1879,-123.8313,57.09,89,40,5.75,US,2022-09-16 05:18:21
242,Georgetown,5.4112,100.3354,87.73,76,40,10.36,MY,2022-09-16 05:22:29
243,Beringovskiy,63.05,179.3167,44.4,91,100,15.64,RU,2022-09-16 05:23:09
244,Kathu,7.9178,98.3332,85.82,99,79,11.1,TH,2022-09-16 05:23:10
245,Batagay-Alyta,67.8006,130.4114,37.9,46,95,12.64,RU,2022-09-16 05:23:10
246,Vanavara,60.34,102.2797,51.49,56,18,8.32,RU,2022-09-16 05:23:11
247,Sandwick,60.0,-1.25,48.02,81,100,19.57,GB,2022-09-16 05:23:11
248,Khudumelapye,-23.8833,24.75,57.67,41,0,6.2,BW,2022-09-16 05:23:11
249,Chuy,-33.6971,-53.4616,52.56,94,0,5.77,UY,2022-09-16 05:23:12
250,Knysna,-34.0363,23.0471,59.34,69,4,2.71,ZA,2022-09-16 05:23:12
251,Broome,42.2506,-75.833,48.65,83,35,1.21,US,2022-09-16 05:23:13
252,Isangel,-19.55,169.2667,75.34,72,54,13.42,VU,2022-09-16 05:22:48
253,Ust-Kut,56.7938,105.7672,53.8,43,5,5.95,RU,2022-09-16 05:23:13
254,Kohlu,29.8962,69.252,84.27,19,0,3.11,PK,2022-09-16 05:23:14
255,Bara,10.3744,10.7288,73.96,89,100,11.03,NG,2022-09-16 05:22:33
256,Cedar City,37.6775,-113.0619,60.4,72,40,5.75,US,2022-09-16 05:23:14
257,Antalaha,-14.9003,50.2788,70.65,78,53,9.04,MG,2022-09-16 05:23:15
258,Iqaluit,63.7506,-68.5145,40.73,80,20,9.22,CA,2022-09-16 05:23:15
259,Cockburn Town,21.4612,-71.1419,83.8,78,26,18.97,TC,2022-09-16 05:23:15
260,Panguna,-6.3164,155.4848,79.45,66,69,3.11,PG,2022-09-16 05:23:16
261,Chokurdakh,70.6333,147.9167,37.04,90,100,5.73,RU,2022-09-16 05:23:16
262,Akureyri,65.6835,-18.0878,48.13,57,0,9.22,IS,2022-09-16 05:23:17
263,Port Lincoln,-34.7333,135.8667,56.86,56,22,26.46,AU,2022-09-16 05:23:17
264,Tabas,33.5959,56.9244,90.91,10,18,4.09,IR,2022-09-16 05:23:17
265,Kamenka,51.3223,42.7678,55.06,97,100,6.26,RU,2022-09-16 05:23:18
266,Rubik,41.7744,19.7861,70.34,67,77,4.12,AL,2022-09-16 05:23:18
267,Odweyne,9.4092,45.064,73.49,58,3,22.1,SO,2022-09-16 05:23:19
268,Playas,-2.6333,-80.3833,68.43,84,98,8.75,EC,2022-09-16 05:23:19
269,Hobyo,5.3505,48.5268,79.77,72,98,20.83,SO,2022-09-16 05:23:19
270,Shenjiamen,29.9576,122.298,79.0,73,1,6.46,CN,2022-09-16 05:23:20
271,Ahipara,-35.1667,173.1667,55.8,71,63,9.82,NZ,2022-09-16 05:23:07
272,Baracoa,20.3467,-74.4958,80.82,86,100,8.93,CU,2022-09-16 05:23:21
273,Sioux Lookout,50.1001,-91.917,50.07,93,100,5.75,CA,2022-09-16 05:23:21
274,Fairlie,55.756,-4.8556,43.39,86,12,1.01,GB,2022-09-16 05:23:21
275,Mount Isa,-20.7333,139.5,92.97,26,75,6.91,AU,2022-09-16 05:23:22
276,Vardo,70.3705,31.1107,48.18,87,100,23.02,NO,2022-09-16 05:23:22
277,Swan Hill,-35.3378,143.5544,58.44,74,83,18.39,AU,2022-09-16 05:24:23
278,Antofagasta,-23.65,-70.4,56.48,84,10,1.12,CL,2022-09-16 05:22:26
279,Wajima,37.4,136.9,84.88,74,20,5.75,JP,2022-09-16 05:24:23
280,Udachnyy,66.4167,112.4,41.45,93,100,28.97,RU,2022-09-16 05:24:24
281,Narsaq,60.9167,-46.05,61.02,72,100,10.31,GL,2022-09-16 05:24:24
282,North Bay,46.3168,-79.4663,51.94,100,100,8.05,CA,2022-09-16 05:24:21
283,Asau,46.4333,26.4,69.28,81,91,6.35,RO,2022-09-16 05:24:25
284,Borogontsy,62.6683,131.1683,46.49,44,19,9.04,RU,2022-09-16 05:24:25
285,Kahului,20.8947,-156.47,82.42,67,40,7.0,US,2022-09-16 05:24:26
286,Katsuura,35.1333,140.3,79.84,59,65,9.31,JP,2022-09-16 05:24:26
287,Juybar,36.6412,52.9124,77.16,67,1,4.43,IR,2022-09-16 05:24:26
288,Ostrovskoye,57.8057,42.2433,50.94,93,99,5.23,RU,2022-09-16 05:24:27
289,Hua Hin,12.5707,99.9588,94.89,64,20,10.36,TH,2022-09-16 05:24:27
290,Acari,-15.4311,-74.6158,63.91,68,14,1.81,PE,2022-09-16 05:24:28
291,Cortez,37.3489,-108.5859,53.69,76,0,4.61,US,2022-09-16 05:24:28
292,Sangalhos,40.4868,-8.4697,63.16,91,0,2.59,PT,2022-09-16 05:24:28
293,Vanimo,-2.6741,141.3028,84.72,68,23,9.24,PG,2022-09-16 05:24:29
294,Lodja,-3.4833,23.4333,69.71,92,75,0.65,CD,2022-09-16 05:24:29
295,Baherden,38.4362,57.4316,78.62,47,1,5.61,TM,2022-09-16 05:24:30
296,Makakilo City,21.3469,-158.0858,79.12,70,100,11.5,US,2022-09-16 05:24:30
297,Zabid,14.1951,43.3152,88.81,65,6,2.26,YE,2022-09-16 05:24:30
298,Cabo San Lucas,22.8909,-109.9124,84.51,77,2,8.05,MX,2022-09-16 05:24:31
299,Coquimbo,-29.9533,-71.3436,53.33,93,100,3.44,CL,2022-09-16 05:23:17
300,Virginia Beach,36.8529,-75.978,71.02,83,20,0.0,US,2022-09-16 05:22:25
301,Poronaysk,49.2167,143.1167,56.03,68,44,10.76,RU,2022-09-16 05:24:32
302,Santa,17.486,120.4348,87.03,60,2,7.2,PH,2022-09-16 05:24:32
303,Talakan,50.3167,130.3667,67.59,70,49,3.89,RU,2022-09-16 05:24:32
304,Ambon,-3.6954,128.1814,87.94,66,40,5.75,ID,2022-09-16 05:24:33
305,Port Blair,11.6667,92.75,87.84,74,40,11.5,IN,2022-09-16 05:24:33
306,Nantucket,41.2835,-70.0995,64.51,44,0,11.5,US,2022-09-16 05:20:43
307,Ostrovnoy,68.0531,39.5131,47.08,98,100,8.3,RU,2022-09-16 05:24:34
308,Iquitos,-3.7481,-73.2472,73.44,94,75,6.91,PE,2022-09-16 05:24:34
309,Meulaboh,4.1363,96.1285,84.97,66,29,7.09,ID,2022-09-16 05:24:35
310,Mae Sai,20.4335,99.8762,83.25,76,98,2.64,TH,2022-09-16 05:24:35
311,Aseri,59.4506,26.8675,49.93,92,89,14.34,EE,2022-09-16 05:24:35
312,Pimentel,-6.8367,-79.9342,62.47,88,74,8.84,PE,2022-09-16 05:24:36
313,Sanmenxia,34.7747,111.1814,85.78,37,0,4.63,CN,2022-09-16 05:24:36
314,Kalmunai,7.4167,81.8167,85.98,63,72,3.71,LK,2022-09-16 05:24:37
315,Kieta,-6.2167,155.6333,83.8,69,52,4.74,PG,2022-09-16 05:24:37
316,Norman Wells,65.282,-126.8329,44.64,100,75,3.44,CA,2022-09-16 05:24:37
317,Ucluelet,48.9329,-125.5528,58.08,87,95,6.58,CA,2022-09-16 05:24:38
318,Kruisfontein,-34.0033,24.7314,57.42,66,17,4.32,ZA,2022-09-16 05:24:38
319,Anan,33.9167,134.65,85.78,62,90,6.93,JP,2022-09-16 05:24:39
320,Bar Harbor,44.3876,-68.2039,54.01,69,0,13.0,US,2022-09-16 05:24:39
321,Zhigansk,66.7697,123.3711,41.68,83,100,16.22,RU,2022-09-16 05:24:39
322,Mitsamiouli,-11.3847,43.2844,77.29,73,20,4.61,KM,2022-09-16 05:24:40
323,Bay City,43.5945,-83.8889,62.98,90,0,8.05,US,2022-09-16 05:24:40
324,Fort Nelson,58.8053,-122.7002,56.79,54,75,4.61,CA,2022-09-16 05:24:41
325,Basco,20.4487,121.9702,83.57,71,10,16.2,PH,2022-09-16 05:25:41
326,Saurimo,-9.6608,20.3916,67.17,68,98,2.44,AO,2022-09-16 05:25:41
327,Atambua,-9.1061,124.8925,84.11,54,100,1.81,ID,2022-09-16 05:25:42
328,Santa Rosa,14.3122,121.1114,89.1,65,74,10.36,PH,2022-09-16 05:22:04
329,Richards Bay,-28.783,32.0377,67.21,80,5,3.27,ZA,2022-09-16 05:25:42
330,Ushtobe,45.2514,77.9838,62.24,24,52,15.75,KZ,2022-09-16 05:25:43
331,Kedrovyy,56.1667,91.8167,54.01,48,35,5.97,RU,2022-09-16 05:25:43
332,Aravete,59.1403,25.7485,49.5,96,100,7.61,EE,2022-09-16 05:25:44
333,Saint George,37.1041,-113.5841,75.63,62,20,5.01,US,2022-09-16 05:25:29
334,Kendari,-3.945,122.4989,85.78,61,96,5.28,ID,2022-09-16 05:25:44
335,Belaya Gora,68.5333,146.4167,37.29,86,100,6.31,RU,2022-09-16 05:25:45
336,Mutsu,41.2894,141.2169,71.2,76,100,8.97,JP,2022-09-16 05:25:45
337,Kaoma,-14.7833,24.8,64.96,49,61,8.39,ZM,2022-09-16 05:25:46
338,Barra,-11.0894,-43.1417,77.4,51,13,6.33,BR,2022-09-16 05:25:46
339,Yeniseysk,58.4497,92.1703,54.3,55,29,4.29,RU,2022-09-16 05:25:46
340,Amnat Charoen,15.9167,104.75,84.67,72,90,8.84,TH,2022-09-16 05:25:47
341,Bandarbeyla,9.4942,50.8122,83.19,57,13,25.55,SO,2022-09-16 05:25:47
342,Masvingo,-20.0637,30.8277,60.49,50,0,2.64,ZW,2022-09-16 05:25:48
343,Cascais,38.6979,-9.4215,70.5,98,1,28.99,PT,2022-09-16 05:25:48
344,Faya,18.3851,42.4509,72.12,20,21,4.21,SA,2022-09-16 05:25:48
345,Avera,33.194,-82.5271,63.91,64,0,4.34,US,2022-09-16 05:25:49
346,Necochea,-38.5473,-58.7368,52.25,61,35,18.77,AR,2022-09-16 05:25:49
347,Payakumbuh,-0.2202,100.6308,84.85,61,99,1.57,ID,2022-09-16 05:25:50
348,Pocatello,42.8713,-112.4455,55.18,88,0,6.91,US,2022-09-16 05:24:00
349,Sept-Iles,50.2001,-66.3821,48.2,72,100,12.66,CA,2022-09-16 05:25:50
350,Alekseyevsk,57.8406,108.3492,54.57,45,6,5.28,RU,2022-09-16 05:25:51
351,Mattawa,46.7379,-119.9028,65.01,49,60,13.31,US,2022-09-16 05:25:51
352,Grand Gaube,-20.0064,57.6608,75.6,62,1,14.0,MU,2022-09-16 05:25:52
353,Kholodnyy,62.7167,147.95,37.18,97,100,2.33,RU,2022-09-16 05:25:52
354,Yemelyanovo,56.1681,92.6767,56.21,41,0,2.24,RU,2022-09-16 05:25:52
355,San Cristobal,7.7669,-72.225,69.98,85,72,1.63,VE,2022-09-16 05:25:53
356,Pasching,48.2586,14.2042,56.77,93,75,3.44,AT,2022-09-16 05:25:53
357,Tilichiki,60.4667,166.1,42.15,64,100,19.17,RU,2022-09-16 05:25:53
358,Maputo,-25.9653,32.5892,65.23,83,0,5.99,MZ,2022-09-16 05:25:54
359,Kuntaur,13.6667,-14.8833,75.31,97,3,6.38,GM,2022-09-16 05:25:54
360,Macau,22.2006,113.5461,101.86,66,20,5.75,MO,2022-09-16 05:25:55
361,Coihueco,-36.6167,-71.8333,47.14,93,40,4.61,CL,2022-09-16 05:25:55
362,Omsukchan,62.5333,155.8,41.02,47,93,13.78,RU,2022-09-16 05:25:55
363,Petropavlovsk-Kamchatskiy,53.0452,158.6483,50.59,76,75,11.18,RU,2022-09-16 05:23:11
364,Havoysund,70.9963,24.6622,46.63,92,100,24.61,NO,2022-09-16 05:25:56
365,Rio Gallegos,-51.6226,-69.2181,30.25,86,0,13.8,AR,2022-09-16 05:21:38
366,Yatou,37.15,122.3833,73.09,89,99,30.89,CN,2022-09-16 05:25:57
367,Aykhal,66.0,111.5,37.2,96,100,27.76,RU,2022-09-16 05:25:57
368,Chongwe,-15.3292,28.682,63.12,61,0,7.94,ZM,2022-09-16 05:25:57
369,Pisco,-13.7,-76.2167,59.05,88,100,3.44,PE,2022-09-16 05:25:58
370,Tiznit,29.5833,-9.5,63.86,89,56,2.19,MA,2022-09-16 05:25:58
371,Fare,-16.7,-151.0167,77.41,75,37,24.63,PF,2022-09-16 05:26:59
372,Safranbolu,41.2508,32.6942,67.93,48,19,2.39,TR,2022-09-16 05:26:59
373,Sola,-13.8833,167.55,80.87,75,28,15.52,VU,2022-09-16 05:27:00
374,Lohja,60.2486,24.0653,52.27,9,77,2.39,FI,2022-09-16 05:27:00
375,Chimbote,-9.0853,-78.5783,61.36,86,59,6.76,PE,2022-09-16 05:25:03
376,Oromocto,45.8351,-66.4792,55.71,60,0,10.36,CA,2022-09-16 05:27:01
377,Pleasanton,37.6624,-121.8747,62.11,84,75,4.61,US,2022-09-16 05:27:01
378,Salamiyah,35.0113,37.0532,72.79,53,0,6.08,SY,2022-09-16 05:27:01
379,Ashtabula,41.7001,-80.7665,55.71,93,0,0.0,US,2022-09-16 05:27:02
380,Mabaruma,8.2,-59.7833,74.66,96,27,1.68,GY,2022-09-16 05:27:02
381,Codrington,-38.2667,141.9667,54.52,82,85,15.88,AU,2022-09-16 05:27:03
382,Lavrentiya,65.5833,-171.0,45.93,87,100,8.28,RU,2022-09-16 05:27:03
383,Abonnema,4.7084,6.7931,75.49,92,100,4.27,NG,2022-09-16 05:27:04
384,Molteno,-31.3968,26.3625,56.44,50,0,8.01,ZA,2022-09-16 05:27:04
385,San Patricio,28.017,-97.5169,84.83,71,2,6.73,US,2022-09-16 05:27:05
386,Kholtoson,50.2981,103.3097,37.69,98,100,8.34,RU,2022-09-16 05:27:05
387,Tomatlan,19.9333,-105.25,76.39,95,100,2.44,MX,2022-09-16 05:27:05
388,Iskele,39.484,26.9278,59.09,77,0,3.44,TR,2022-09-16 05:27:06
389,Camargo,27.6667,-105.1667,77.07,44,68,6.31,MX,2022-09-16 05:27:06
390,Tokur,53.1333,132.9,42.26,90,100,1.86,RU,2022-09-16 05:27:07
391,Alofi,-19.0595,-169.9187,78.69,78,77,8.05,NU,2022-09-16 05:27:07
392,Berlevag,70.8578,29.0864,46.4,93,100,21.85,NO,2022-09-16 05:27:08
393,Yulara,-25.2406,130.9889,77.7,13,4,10.36,AU,2022-09-16 05:27:08
394,Metro,-5.1131,105.3067,89.04,50,88,4.34,ID,2022-09-16 05:27:08
395,Bafra,41.5678,35.9069,79.3,42,19,7.18,TR,2022-09-16 05:27:09
396,Jashpurnagar,22.9,84.15,77.16,80,90,12.44,IN,2022-09-16 05:27:09
397,Salalah,17.0151,54.0924,82.49,83,75,5.75,OM,2022-09-16 05:27:10
398,Eyemouth,55.8713,-2.0901,45.23,78,45,20.87,GB,2022-09-16 05:27:10
399,Mayor Pablo Lagerenza,-19.9309,-60.7718,62.67,37,38,2.19,PY,2022-09-16 05:27:11
400,Flinders,-34.5833,150.8552,75.18,41,7,11.99,AU,2022-09-16 05:27:11
401,Abu Kamal,34.4506,40.9171,82.58,33,0,7.25,SY,2022-09-16 05:27:11
402,Sampang,-7.1872,113.2394,85.73,61,100,3.6,ID,2022-09-16 05:27:12
403,Abu Dhabi,24.4667,54.3667,91.51,82,6,6.91,AE,2022-09-16 05:23:55
404,Samarai,-10.6167,150.6667,81.12,83,52,13.24,PG,2022-09-16 05:23:11
405,Kimitsu,35.3253,139.8911,89.1,51,10,5.91,JP,2022-09-16 05:27:13
406,Llandrindod Wells,52.2416,-3.3787,48.94,93,2,5.44,GB,2022-09-16 05:27:13
407,Vila Velha,-20.3297,-40.2925,71.55,92,75,6.91,BR,2022-09-16 05:24:32
408,Tighnabruaich,55.9016,-5.2398,48.16,87,7,7.74,GB,2022-09-16 05:27:14
409,Amapa,1.0,-52.0,69.39,99,97,1.72,BR,2022-09-16 05:27:14
410,Lujan,-34.5703,-59.105,56.95,82,0,1.99,AR,2022-09-16 05:27:14
411,Loei,17.4167,101.5,78.12,66,96,4.12,TH,2022-09-16 05:27:15
412,Santarem,-2.4431,-54.7083,77.13,88,0,2.3,BR,2022-09-16 05:27:16
413,Mizusawa,39.1333,141.1333,73.72,77,100,5.93,JP,2022-09-16 05:27:16
414,Berbera,10.4396,45.0143,93.47,38,4,18.61,SO,2022-09-16 05:27:16
415,Lyubashivka,47.8372,30.2598,64.45,80,99,4.63,UA,2022-09-16 05:27:17
416,Bilibino,68.0546,166.4372,37.78,78,100,5.26,RU,2022-09-16 05:28:17
417,Marrakesh,31.6315,-8.0083,66.27,82,40,4.61,MA,2022-09-16 05:25:03
418,Okakarara,-20.5833,17.4333,56.19,36,8,4.23,NA,2022-09-16 05:28:18
419,Camana,-16.6228,-72.7111,60.06,84,8,6.73,PE,2022-09-16 05:28:18
420,Borzya,50.3833,116.5167,67.87,49,95,13.53,RU,2022-09-16 05:28:19
421,Santiago De Cao,-7.9589,-79.2392,59.13,94,75,6.91,PE,2022-09-16 05:28:19
422,Lata,40.1629,-8.3327,62.08,95,0,2.42,PT,2022-09-16 05:28:19
423,Requena,39.4883,-1.1004,62.8,66,20,3.69,ES,2022-09-16 05:28:20
424,Turukhansk,65.8167,87.9833,45.36,64,69,13.82,RU,2022-09-16 05:28:20
425,Cheyenne,41.14,-104.8203,55.54,92,75,5.75,US,2022-09-16 05:26:48
426,Clyde River,70.4692,-68.5914,34.03,100,100,8.05,CA,2022-09-16 05:28:21
427,Moroni,-11.7022,43.2551,77.0,73,20,4.61,KM,2022-09-16 05:28:21
428,Kande,9.9578,1.0447,71.01,95,100,2.21,TG,2022-09-16 05:28:22
429,Tungor,53.3808,142.9564,53.91,52,59,14.97,RU,2022-09-16 05:28:22
430,Neuquen,-38.9516,-68.0591,57.09,44,0,4.61,AR,2022-09-16 05:28:23
431,Chulumani,-16.4096,-67.5263,55.47,94,76,2.71,BO,2022-09-16 05:28:23
432,Khartoum,15.5518,32.5324,86.02,53,63,8.7,SD,2022-09-16 05:25:26
433,Colares,38.7992,-9.4469,70.32,96,1,28.99,PT,2022-09-16 05:28:24
434,Acapulco,16.8634,-99.8901,76.82,88,100,6.91,MX,2022-09-16 05:24:05
435,Alberton,46.8168,-64.0654,55.31,70,100,28.86,CA,2022-09-16 05:26:19
436,Pitsunda,43.1592,40.3378,66.38,43,55,6.02,GE,2022-09-16 05:28:25
437,Bud,39.447,-86.1758,66.81,95,23,4.85,US,2022-09-16 05:28:25
438,Synya,65.3718,58.0387,54.54,71,100,5.93,RU,2022-09-16 05:28:25
439,Ossora,59.2353,163.0719,48.9,57,77,18.97,RU,2022-09-16 05:28:26
440,Cabatuan,10.8794,122.486,77.54,89,100,12.66,PH,2022-09-16 05:28:26
441,Inuvik,68.3499,-133.7218,43.66,93,75,2.3,CA,2022-09-16 05:28:27
442,Sibay,52.7181,58.6658,56.44,35,93,5.53,RU,2022-09-16 05:28:27
443,La Baneza,42.3003,-5.8977,55.99,88,0,4.25,ES,2022-09-16 05:28:27
444,Acarau,-2.8856,-40.12,76.78,82,9,12.71,BR,2022-09-16 05:28:28
445,Alice Springs,-23.7,133.8833,78.35,13,0,4.61,AU,2022-09-16 05:28:28
446,Svetlogorsk,52.6333,29.7333,54.75,92,100,5.97,BY,2022-09-16 05:28:29
447,Bac Lieu,9.285,105.7244,87.35,65,96,12.91,VN,2022-09-16 05:28:29
448,Maldonado,-34.6667,-54.9167,52.23,95,0,7.07,UY,2022-09-16 05:28:30
449,Kavaratti,10.5669,72.642,80.85,77,95,10.04,IN,2022-09-16 05:28:30
450,Onalaska,43.8844,-91.2351,71.46,86,0,10.36,US,2022-09-16 05:28:30
451,Tire,38.0888,27.7351,59.74,30,0,1.95,TR,2022-09-16 05:28:31
452,Bodden Town,19.2833,-81.25,82.92,84,43,1.01,KY,2022-09-16 05:28:31
453,Loukhi,66.0764,33.0381,49.17,98,100,8.3,RU,2022-09-16 05:28:32
454,Sokoni,-6.4333,39.55,76.78,74,60,12.06,TZ,2022-09-16 05:28:32
455,Bindura,-17.3019,31.3306,59.31,63,0,1.83,ZW,2022-09-16 05:28:33
456,Bubaque,11.2833,-15.8333,80.53,83,25,12.28,GW,2022-09-16 05:28:33
457,Labytnangi,66.6572,66.4183,49.41,81,100,2.55,RU,2022-09-16 05:28:33
458,Guerrero Negro,27.9769,-114.0611,69.69,79,0,16.55,MX,2022-09-16 05:28:34
459,Robertsport,6.7533,-11.3686,76.03,89,100,7.38,LR,2022-09-16 05:28:34
460,Beloha,-25.1667,45.05,73.45,47,0,8.41,MG,2022-09-16 05:28:35
461,Ilinskiy,55.619,38.1182,50.38,100,20,7.0,RU,2022-09-16 05:29:35
462,Faanui,-16.4833,-151.75,77.85,74,53,24.23,PF,2022-09-16 05:29:36
463,Pontes E Lacerda,-15.2261,-59.3353,66.72,56,92,3.27,BR,2022-09-16 05:29:36
464,Lazaro Cardenas,17.9583,-102.2,78.66,87,92,4.56,MX,2022-09-16 05:29:36
465,Arcata,40.8665,-124.0828,56.93,90,100,0.0,US,2022-09-16 05:29:37
466,Asbury Park,40.2204,-74.0121,65.21,68,0,0.0,US,2022-09-16 05:29:37
467,Orcopampa,-15.2661,-72.3417,42.98,40,39,1.3,PE,2022-09-16 05:29:38
468,Alyangula,-13.8483,136.4192,83.8,69,1,14.07,AU,2022-09-16 05:29:38
469,Baghdad,33.3406,44.4009,84.11,30,0,8.05,IQ,2022-09-16 05:25:31
470,Hervey Bay,-25.2986,152.8535,69.69,76,13,20.07,AU,2022-09-16 05:29:39
471,Semenivka,52.1783,32.5818,55.58,95,100,6.89,UA,2022-09-16 05:29:39
472,Zhaodong,46.0833,125.9833,73.13,47,100,15.39,CN,2022-09-16 05:29:40
473,Nome,64.5011,-165.4064,48.27,87,20,3.44,US,2022-09-16 05:29:40
474,Phuket,8.0,98.25,86.22,74,40,12.66,TH,2022-09-16 05:28:21
475,Kirillov,59.863,38.3813,48.94,94,99,8.25,RU,2022-09-16 05:29:41
476,Shambu,9.5667,37.1,54.68,89,65,1.25,ET,2022-09-16 05:29:41
477,Teguise,29.0605,-13.564,70.02,78,40,16.11,ES,2022-09-16 05:28:24
478,Santa Lucia,27.9117,-15.5407,69.12,67,40,18.41,ES,2022-09-16 05:27:26
479,Caravelas,-17.7125,-39.2481,72.95,85,26,4.12,BR,2022-09-16 05:29:42
480,Erzincan,39.75,39.5,54.7,71,0,0.0,TR,2022-09-16 05:29:43
481,Sao Joao Da Barra,-21.6403,-41.0511,67.57,89,88,8.16,BR,2022-09-16 05:29:44
482,Kearney,40.6995,-99.0815,68.56,89,100,19.57,US,2022-09-16 05:27:06
483,Sawakin,19.1059,37.3321,86.47,45,46,2.77,SD,2022-09-16 05:29:45
484,Hualmay,-11.0964,-77.6139,60.76,86,52,6.85,PE,2022-09-16 05:29:45
485,Salinas,36.6777,-121.6555,63.41,79,20,4.61,US,2022-09-16 05:29:45
486,Banyo,6.75,11.8167,63.75,95,100,3.53,CM,2022-09-16 05:29:46
487,Honiara,-9.4333,159.95,84.61,62,15,3.4,SB,2022-09-16 05:29:46
488,Nago,26.5881,127.9761,88.65,76,9,14.38,JP,2022-09-16 05:29:47
489,Port Hardy,50.6996,-127.4199,51.8,100,75,4.61,CA,2022-09-16 05:29:47
490,Gilgit,35.9221,74.3087,79.93,36,12,1.41,PK,2022-09-16 05:29:47
491,Fremont,37.5483,-121.9886,62.58,81,100,10.36,US,2022-09-16 05:27:52
492,Matara,5.9485,80.5353,85.66,65,34,12.08,LK,2022-09-16 05:29:48
493,Vestmannaeyjar,63.4427,-20.2734,49.23,71,72,5.32,IS,2022-09-16 05:29:48
494,Jizan,17.3333,42.6667,90.54,64,4,2.84,SA,2022-09-16 05:29:49
495,The Pas,53.8251,-101.2541,48.22,93,0,4.61,CA,2022-09-16 05:26:30
496,Nedjo,9.5046,35.5019,58.32,98,95,1.97,ET,2022-09-16 05:29:49
497,Sao Jose Da Coroa Grande,-8.8978,-35.1478,72.05,75,30,4.41,BR,2022-09-16 05:29:50
498,Resistencia,-27.4606,-58.9839,56.1,85,0,2.3,AR,2022-09-16 05:29:50
499,Rabat,33.9911,-6.8401,66.15,100,3,3.44,MA,2022-09-16 05:26:19
500,Dolores,-36.3132,-57.6792,51.46,96,1,8.57,AR,2022-09-16 05:29:51
501,Rawson,-43.3002,-65.1023,62.69,38,100,11.43,AR,2022-09-16 05:29:51
502,Ivanjica,43.5803,20.2311,57.58,94,100,5.23,RS,2022-09-16 05:29:52
503,Moron,-34.6534,-58.6198,60.69,82,0,9.46,AR,2022-09-16 05:29:52
504,Ngunguru,-35.6167,174.5,57.87,59,91,10.94,NZ,2022-09-16 05:29:52
505,Chicama,-7.8447,-79.1469,57.74,83,50,3.47,PE,2022-09-16 05:29:53
506,Vadso,70.0744,29.7487,47.28,100,100,19.57,NO,2022-09-16 05:29:53
507,Manadhoo,5.7667,73.3833,80.92,70,15,4.83,MV,2022-09-16 05:29:54
508,Noumea,-22.2763,166.4572,76.98,65,51,15.23,NC,2022-09-16 05:30:54
509,Vurpar,46.0,23.4667,65.39,88,98,9.73,RO,2022-09-16 05:30:56
510,Chernyshevskiy,63.0128,112.4714,48.2,69,59,13.31,RU,2022-09-16 05:30:56
511,Shibetsu,43.659,145.132,63.3,72,75,5.75,JP,2022-09-16 05:30:56
512,La Palma,33.8464,-118.0467,72.97,78,0,5.75,US,2022-09-16 05:30:57
513,Tabou,4.423,-7.3528,75.42,89,100,7.78,CI,2022-09-16 05:30:57
514,Xiamen,24.4798,118.0819,89.65,62,40,11.18,CN,2022-09-16 05:30:58
515,Mayumba,-3.432,10.6554,74.41,83,100,7.07,GA,2022-09-16 05:30:58
516,Ustka,54.5805,16.8619,49.64,71,63,26.66,PL,2022-09-16 05:30:58
517,Paducah,37.0834,-88.6001,66.61,90,0,0.0,US,2022-09-16 05:30:59
518,Sorong,-0.8833,131.25,83.23,68,93,4.97,ID,2022-09-16 05:30:59
519,Smithers,54.7804,-127.1743,52.12,82,100,3.44,CA,2022-09-16 05:30:47
520,Saldanha,-33.0117,17.9442,57.25,87,57,7.27,ZA,2022-09-16 05:31:00
521,Dhidhdhoo,6.8833,73.1,80.69,73,15,6.04,MV,2022-09-16 05:31:00
522,Olafsvik,64.8945,-23.7142,47.12,77,99,10.25,IS,2022-09-16 05:31:01
523,Itarema,-2.9248,-39.9167,76.71,82,11,12.37,BR,2022-09-16 05:31:01
524,Nyborg,55.3127,10.7896,53.78,75,75,21.07,DK,2022-09-16 05:31:01
525,Ratnagiri,16.9833,73.3,79.52,87,100,15.99,IN,2022-09-16 05:31:02
526,Nador,35.174,-2.9287,73.65,60,0,9.22,MA,2022-09-16 05:31:03
527,Kerema,-7.9631,145.7785,82.49,79,77,6.22,PG,2022-09-16 05:31:03
528,Martapura,-3.4167,114.85,86.09,70,40,4.61,ID,2022-09-16 05:31:04
529,Bereda,43.2686,-7.5406,63.41,100,100,4.07,ES,2022-09-16 05:31:04
530,Aksha,50.2814,113.2867,54.54,67,100,7.67,RU,2022-09-16 05:31:04
531,Boguchany,58.3814,97.4531,56.5,45,10,4.05,RU,2022-09-16 05:31:05
532,Rio Grande,-32.035,-52.0986,56.95,90,0,9.37,BR,2022-09-16 05:31:05
533,Batticaloa,7.7102,81.6924,85.53,66,82,5.99,LK,2022-09-16 05:31:06
534,Cayenne,4.9333,-52.3333,77.04,94,0,0.0,GF,2022-09-16 05:31:06
535,Godfrey,38.9556,-90.1868,71.49,88,0,3.44,US,2022-09-16 05:31:07
536,Santa Fe,-31.6333,-60.7,59.0,73,0,7.0,AR,2022-09-16 05:31:07
537,Saint-Francois,46.4154,3.9054,53.67,100,75,2.3,FR,2022-09-16 05:31:08
538,Sabang,5.8933,95.3214,82.51,75,99,13.6,ID,2022-09-16 05:31:08
539,San Andres,12.5847,-81.7006,82.42,78,75,5.75,CO,2022-09-16 05:31:08
540,Zyryanka,65.75,150.85,43.9,48,100,10.98,RU,2022-09-16 05:31:09
541,Jinchang,38.4953,102.1739,66.43,30,100,2.24,CN,2022-09-16 05:31:09
542,Le Port,-20.9373,55.2919,71.6,67,11,6.98,RE,2022-09-16 05:29:14
543,Karratha,-20.7377,116.8463,86.22,21,0,11.68,AU,2022-09-16 05:31:10
544,Lukaya,-0.1489,31.8748,71.85,72,47,6.08,UG,2022-09-16 05:31:11
545,Shu,43.5983,73.7614,72.63,14,31,2.21,KZ,2022-09-16 05:31:11
546,Mattru,7.6244,-11.8332,71.85,99,99,1.66,SL,2022-09-16 05:31:12
547,Teluknaga,-6.0989,106.6381,91.58,59,40,4.61,ID,2022-09-16 05:31:12
548,Nhulunbuy,-12.2333,136.7667,88.41,58,40,11.5,AU,2022-09-16 05:31:12
549,Tambacounda,13.7539,-13.7586,75.51,94,1,6.29,SN,2022-09-16 05:31:13
550,Pangai,-19.8,-174.35,78.91,78,75,11.5,TO,2022-09-16 05:31:13
551,Talara,-4.5772,-81.2719,63.66,90,43,12.3,PE,2022-09-16 05:31:14
552,Mgandu,-5.95,34.1333,66.07,58,6,13.15,TZ,2022-09-16 05:31:14
553,Omboue,-1.5746,9.2618,75.43,82,100,8.68,GA,2022-09-16 05:31:14
554,Natal,-5.795,-35.2094,77.22,88,20,5.75,BR,2022-09-16 05:32:15
555,Brownsville,25.9018,-97.4975,78.91,91,0,3.44,US,2022-09-16 05:30:06
556,Bondo,3.8146,23.6866,72.99,87,88,0.47,CD,2022-09-16 05:32:16
557,Yichun,47.7,128.9,70.95,51,79,7.38,CN,2022-09-16 05:32:16
558,Mazyr,52.0495,29.2456,55.49,92,99,7.78,BY,2022-09-16 05:32:16
559,Mersing,2.4312,103.8405,89.51,70,40,4.61,MY,2022-09-16 05:32:17
560,Tarakan,3.3,117.6333,82.09,70,100,4.45,ID,2022-09-16 05:32:18
